Fecha,RNC Emisor,RNC/Cédula Comprador,NCF,Descripción,Cantidad,Precio Unitario,Tasa ITBIS,ITBIS,Total,Vencimiento Secuencia,NCF Modificado
01/09/2026,1-01-85004-3,1-30-12345-4,B0100000001,Servicio de consultoría,1,10000.00,18,1800.00,11800.00,31/12/2026,
01/09/2026,1-01-85004-3,1-30-12345-4,B0100000001,Café molido 1 lb,10,250.00,16,400.00,2900.00,31/12/2026,
02/09/2026,1-01-85004-3,001-1391820-5,B0100000002,Laptop,1,45000.00,18,8100.00,53100.00,31/12/2026,
03/09/2026,1-01-85004-3,,B0100000003,Sillas de oficina,4,3500.00,18,2520.00,16520.00,31/12/2026,
05/09/2026,1-01-85004-3,1-01-85004-2,B0100000005,Mesa de reuniones,1,8000.00,18,1440.00,9440.00,31/12/2026,
06/09/2026,1-01-85004-3,1-30-12345-4,B0100000006,Impresora láser,2,6000.00,18,2000.00,14000.00,31/12/2026,
07/09/2026,1-01-85004-3,1-30-12345-4,B0100000007,Tóner negro,3,1500.00,18,810.00,5400.00,31/12/2026,
20/09/2026,1-01-85004-3,001-1391820-5,B0100000007,Resma de papel,5,300.00,18,270.00,1770.00,31/12/2026,
15/09/2026,1-01-85004-3,1-30-12345-4,B0100000008,Archivo metálico,1,7000.00,18,1260.00,8260.00,31/08/2026,
31/02/2026,1-01-85004-3,1-30-12345-4,B0100000009,Pizarra blanca,1,3000.00,18,540.00,3540.00,31/12/2026,
15/01/2027,1-01-85004-3,1-30-12345-4,B0100000011,Proyector,1,25000.00,18,4500.00,29500.00,31/12/2026,
08/09/2026,1-01-85004-3,1-30-12345-4,B0200000001,Botellones de agua,12,50.00,18,108.00,708.00,31/12/2026,
08/09/2026,1-01-85004-3,,B0200000002,Refresco 20 oz,2,75.00,18,27.00,177.00,31/12/2026,
08/09/2026,1-01-85004-3,,B0200000002,Refresco 20 oz,2,75.00,18,27.00,177.00,31/12/2026,
10/09/2026,1-01-85004-3,1-30-12345-4,B0400000001,Devolución tóner,1,1500.00,18,270.00,1770.00,31/12/2026,
11/09/2026,1-01-85004-3,1-30-12345-4,B0400000002,Descuento por volumen,1,1000.00,18,180.00,1180.00,31/12/2026,B0100000006
12/09/2026,1-01-85004-3,,B1600000001,Cigarros (caja),100,200.00,18,3600.00,23600.00,31/12/2026,
13/09/2026,1-01-85004-3,,B1600000002,Ron añejo (caja),50,500.00,0,0.00,25000.00,31/12/2026,
14/09/2026,1-01-85004-3,4-01-23456-4,B1400000001,Servicio de mantenimiento,1,5000.00,exento,0.00,5000.00,31/12/2026,
16/09/2026,1-01-85004-3,1-30-12345-4,B01000012,Carpetas,10,40.00,18,72.00,472.00,31/12/2026,
16/09/2026,1-01-85004-3,1-30-12345-4,B0900000001,Marcadores,6,60.00,18,64.80,424.80,31/12/2026,
20/09/2026,1-31-24679-6,1-30-12345-4,E310000000001,Desarrollo de software,1,80000.00,18,14400.00,94400.00,31/12/2027,
21/09/2026,1-31-24679-6,1-30-12345-4,E310000000002,Hosting anual,1,12000.00,15,1800.00,13800.00,31/12/2027,
22/09/2026,1-31-24679-6,224-0002211-1,E310000000003,Soporte técnico,2,mil,18,360.00,2360.00,31/12/2027,
23/09/2026,1-31-24679-6,1-30-12345-4,E340000000001,Nota de crédito por ajuste,1,2000.00,18,360.00,2360.00,31/12/2027,E310000000001
24/09/2026,13124679,,E320000000001,Licencia de antivirus,1,3000.00,18,540.00,3540.00,31/12/2027,
25/09/2026,1-31-24679-6,113918205,E320000000002,Curso en línea,1,4500.00,18,810.00,5310.00,31/12/2027,
26/09/2026,1-31-24679-6,4-01-23456-4,E440000000001,Servicio de capacitación,1,9000.00,exento,0.00,9000.00,31/12/2027,
